DateID,ProductID,StoreID,CustomerID,QuantityOrderded,OrderAmount,DiscountAmount,Shipping Cost,TotalAmount
20240728,407,83,352,10,768,61.904736446508736,106.13974437885199,599.9555191746392
20240728,519,83,844,19,968,78.37340762918939,122.31010064524662,767.316491725564
20240728,938,83,109,15,723,96.85169272843457,79.81998485945472,546.3283224121108
20240728,718,83,440,12,518,42.92466653794179,70.0134957017784,405.0618377602798
20240728,178,83,451,13,362,26.594214976382332,45.95489221362155,289.4508928099961
20240728,163,83,386,20,230,30.48942313510762,20.808412711886312,178.70216415300607
20240728,926,83,629,9,137,12.80434455207851,18.651930144018802,105.54372530390269
20240728,960,83,99,5,343,11.029685088723731,20.96802165143466,311.0022932598416
20240728,169,83,729,14,888,128.0124169465458,61.1182876446621,698.8692954087921
20240728,403,83,901,7,597,20.2326862939836,57.440064488512185,519.3272492175042
20240728,802,83,283,19,842,18.63333222157222,91.75893597537105,731.6077318030567
20240728,826,83,944,11,963,70.92783920992997,92.94068730245829,799.1314734876117
20240728,65,83,637,5,745,77.45218304670534,84.8148129961098,582.7330039571848
20240728,824,83,103,20,262,15.883117926248422,19.498593750522133,226.61828832322945
20240728,789,83,665,2,245,34.860054420141985,23.335898691353304,186.80404688850473
20240728,798,83,407,19,703,102.28775252443462,88.93815654846442,511.77409092710093
20240728,819,83,823,19,947,21.308983333007323,93.79912667266113,831.8918899943316
20240728,927,83,816,1,551,39.18681962359817,71.03374341982116,440.77943695658064
20240728,69,83,685,13,107,10.933414139215408,5.396313904649325,90.67027195613527
20240728,628,83,425,17,373,10.312249513467187,48.75936181829059,313.92838866824223
20240728,787,83,340,12,460,66.78653933029199,64.29780338610267,328.91565728360536
20240728,651,83,967,10,704,72.16954532159974,80.59854755624494,551.2319071221553
20240728,337,83,682,10,187,26.315187961060733,25.719865019153335,134.96494701978594
20240728,171,83,466,19,518,37.370565609677215,46.38662514852531,434.2428092417975
20240728,118,83,413,10,615,56.872059372721175,79.65463896103857,478.4733016662402
20240728,50,83,402,15,450,54.31089136188775,62.25551073451424,333.433597903598
20240728,494,83,101,14,221,19.312677850988386,25.392452565761346,176.29486958325026
20240728,481,83,317,1,988,56.61870314925128,144.5007628512868,786.8805339994619
20240728,712,83,460,17,606,54.401712823680676,34.11362344880428,517.484663727515
20240728,899,83,925,16,137,8.750479160624225,13.339916957223265,114.90960388215251
20240728,514,83,758,17,739,17.203760233161,102.28842613319324,619.5078136336458
20240728,280,83,8,12,424,33.32057089108099,21.495692031090254,369.18373707782877
20240728,866,83,733,19,340,23.369207333025354,38.826354318081805,277.80443834889286
20240728,481,83,166,17,520,45.415072407659686,58.562040795533655,416.0228867968067
20240728,444,83,639,2,307,20.81405705941007,41.402807059220805,244.7831358813691
20240728,873,83,24,7,347,23.664020323710837,44.38151623252868,278.95446344376046
20240728,603,83,754,15,264,13.690251561864528,33.18295070026717,217.1267977378683
20240728,790,83,609,16,184,25.178835740595666,19.376890138107697,139.44427412129664
20240728,429,83,163,10,298,17.32954833131876,19.329291787548954,261.3411598811323
20240728,244,83,577,20,122,16.320712008603618,7.302799896553653,98.37648809484273
20240728,512,83,901,3,567,63.42903195410688,31.200636813776363,472.37033123211677
20240728,995,83,393,11,327,35.41588856483181,18.483458597057425,273.10065283811076
20240728,311,83,923,20,521,66.76575699742432,47.76052627793576,406.4737167246399
20240728,207,83,189,6,275,24.755846740610362,22.934712711752017,227.30944054763762
20240728,147,83,809,11,571,44.110172052725694,47.439784450767505,479.4500434965068
20240728,479,83,682,17,785,81.90401139905605,110.59369802285299,592.502290578091
20240728,188,83,849,11,467,23.472938910510234,38.48247381123382,405.04458727825596
20240728,629,83,331,18,351,33.37296246018001,31.0307956458183,286.59624189400165
20240728,643,83,689,6,365,53.9325557728523,37.26500770372912,273.8024365234186
20240728,570,83,782,4,662,87.02125136385999,95.35514517641364,479.6236034597264
20240728,443,83,395,9,654,87.86505011462066,87.45340940342565,478.6815404819537
20240728,881,83,502,1,497,53.704564142028396,73.83760846782909,369.4578273901425
20240728,973,83,883,7,219,15.959800720630916,11.50188181688105,191.53831746248804
20240728,647,83,838,8,728,85.80105215852171,69.31279156139958,572.8861562800787
20240728,252,83,218,13,593,85.4977305821917,78.75226754193437,428.7500018758739
20240728,619,83,418,13,856,34.937587190686145,77.86852652584929,743.1938862834645
20240728,684,83,436,8,557,36.49825820679352,80.81999485198496,439.6817469412215
20240728,827,83,871,17,537,75.97965511874177,71.65354877224664,389.3667961090116
20240728,81,83,116,11,576,47.742182171537216,83.23921428611943,445.0186035423434
20240728,219,83,842,14,629,64.52133685527203,85.39469865828504,479.08396448644294
20240728,312,83,177,11,959,56.55734197878893,82.29965832493866,820.1429996962725
20240728,291,83,139,17,650,92.40202102630425,69.17434653345146,488.4236324402443
20240728,220,83,458,3,276,15.945920745410834,21.920660503680082,238.13341875090907
20240728,466,83,973,3,320,22.199210318692693,29.379203239877256,268.42158644143007
20240728,174,83,276,7,148,20.611933004308746,11.944614751828823,115.44345224386242
20240728,657,83,224,12,418,20.953276483894452,39.15808648702846,357.8886370290771
20240728,120,83,668,3,441,47.79909683387129,65.15131520543558,328.04958796069315
20240728,946,83,632,8,123,3.773692253187132,14.372294430308488,104.85401331650438
20240728,1000,83,677,14,316,12.334265545509588,32.88334430873399,270.78239014575644
20240728,380,83,411,19,942,51.21792086294503,52.66582018249581,838.1162589545592
20240728,739,83,547,15,892,114.77949457497068,76.1134457212054,701.1070597038239
20240728,688,83,732,4,495,33.48670049072532,49.49312126182859,412.0201782474461
20240728,140,83,151,4,459,59.76118773487949,23.472350703713182,375.7664615614073
20240728,103,83,129,18,891,115.46000402221405,48.751925192967235,726.7880707848187
20240728,443,83,58,4,916,58.254548162956084,64.44021300327587,793.305238833768
20240728,682,83,900,10,529,69.05840078056816,60.81278123262329,399.12881798680854
20240728,285,83,138,6,662,39.14526977701934,75.43004862451701,547.4246815984636
20240728,112,83,549,14,573,79.36678110547315,73.5141764937005,420.11904240082634
20240728,854,83,286,10,888,126.43715562340697,123.06540258222691,638.4974417943661
20240728,2,83,717,3,246,36.332983714182596,21.409062411149645,188.25795387466775
20240728,66,83,363,5,126,17.022850413300176,6.771910002429033,102.2052395842708
20240728,584,83,725,1,178,7.666726438073225,19.002252839043823,151.33102072288295
20240728,871,83,462,5,597,66.40945556626208,57.41505759811247,473.17548683562546
20240728,710,83,862,15,138,11.37804613724274,11.948365331604752,114.67358853115252
20240728,634,83,618,11,390,47.982881994132015,47.00306755399972,295.01405045186823
20240728,867,83,733,20,480,18.37714331915042,40.92342916329685,420.69942751755275
20240728,870,83,182,19,420,12.94412611906223,48.56962778759723,358.4862460933405
20240728,638,83,765,14,838,27.564161153491405,117.37181193565998,693.0640269108486
20240728,621,83,819,3,998,137.97260165681334,87.26151623410081,772.7658821090859
20240728,165,83,687,7,248,11.1023890895971,34.61070896951449,202.2869019408884
20240728,829,83,17,18,349,12.034936452330609,29.512338845134728,307.4527247025347
20240728,329,83,738,3,128,14.162247001361466,15.081378561922326,98.75637443671621
20240728,528,83,931,1,763,38.53951874060521,40.9647598789564,683.4957213804385
20240728,868,83,983,15,503,40.19864686704494,27.532078840276224,435.2692742926788
20240728,127,83,509,12,962,63.85350434814603,110.58895752050483,787.5575381313491
20240728,716,83,507,12,268,17.986934481050167,32.0050102931945,218.00805522575533
20240728,238,83,322,10,889,116.38826830819933,76.32744044788711,696.2842912439136
20240728,429,83,884,10,485,44.344343713311076,45.59745821112998,395.05819807555895
20240728,712,83,64,5,351,33.56452956245202,25.99128080239649,291.4441896351515
20240728,661,83,885,16,756,40.106425019708404,75.91514041923259,639.978434561059
20240728,215,83,718,1,869,63.92676946172336,114.05933139981083,691.0138991384658
20240728,116,83,211,6,305,13.461045722746439,21.95883417109743,269.58012010615613
20240728,118,83,417,11,803,73.98062966150309,58.93999495111478,670.0793753873821
20240728,661,83,992,15,369,29.792839426533448,52.044815069129946,287.1623455043366
20240728,763,83,460,12,171,20.05996848875451,16.95277913970188,133.9872523715436
20240728,833,83,287,15,242,33.83221342541644,22.10565225019488,186.0621343243887
20240728,468,83,520,5,707,50.34648193871474,80.1108249811782,576.542693080107
20240728,273,83,806,6,832,53.5635343574784,103.05630072127244,675.3801649212492
20240728,812,83,89,12,173,21.12312834429394,22.84787571422398,129.0289959414821
20240728,285,83,167,14,755,62.13860416277272,112.65214959532726,580.2092462419
20240728,928,83,6,14,387,27.023056009232537,19.410776424694046,340.56616756607343
20240728,182,83,143,10,534,33.60377266377067,57.30681674328416,443.08941059294517
20240728,898,83,753,12,205,30.65584633126729,26.33824106359447,148.00591260513823
20240728,546,83,557,15,444,54.79386481243573,44.465788882645654,344.7403463049186
20240728,364,83,716,4,188,6.25603815913113,17.3190232608828,164.42493857998608
20240728,32,83,402,4,392,33.26491046113519,55.141682963690855,303.59340657517396
20240728,939,83,293,16,264,26.108629544780346,21.187876168437434,216.70349428678222
20240728,308,83,455,20,428,27.944682684653436,29.313460772908225,370.7418565424383
20240728,394,83,999,7,213,18.822848813543935,20.7361094236817,173.44104176277438
20240728,984,83,743,13,896,38.976443077044976,112.13324224910744,744.8903146738476
20240728,776,83,377,13,986,100.08729196578498,82.13544749231178,803.7772605419032
20240728,782,83,30,19,803,115.25495057868909,52.334435376622324,635.4106140446886
20240728,954,83,364,6,602,40.0805343719694,61.0876279848402,500.8318376431904
20240728,497,83,210,14,127,6.512583106821327,18.39051097675888,102.09690591641979
20240728,906,83,690,6,148,10.746010518232834,16.763633906251474,120.4903555755157
20240728,234,83,417,5,504,68.3741396778392,62.320641157455384,373.3052191647054
20240728,610,83,592,11,364,14.154618067382186,28.027777280564866,321.817604652053
20240728,930,83,705,12,118,2.5235666420697154,16.76477113849683,98.71166221943346
20240728,746,83,891,14,147,7.058161162078066,8.708772774018389,131.23306606390355
20240728,336,83,372,5,664,36.54124354170939,83.09495996593675,544.3637964923539
20240728,34,83,696,20,849,102.2250041497323,116.08380694646374,630.691188903804
20240728,828,83,432,14,275,30.08578414352203,30.387535230246467,214.5266806262315
20240728,889,83,59,16,232,19.577133545233952,18.173081684074816,194.24978477069124
20240728,64,83,640,3,683,33.511848471758476,55.18162223047522,594.3065292977662
20240728,550,83,729,7,616,54.91740665219596,71.2169244791375,489.86566886866655
20240728,253,83,20,1,219,15.910240149581075,27.093185741321612,175.9965741090973
20240728,384,83,87,7,530,41.76746537293073,28.853487391072758,459.3790472359965
20240728,286,83,668,5,866,94.90526467839366,85.03867323530426,686.0560620863021
20240728,435,83,397,5,518,14.469958859746605,49.64020556850009,453.88983557175334
20240728,610,83,569,20,128,12.907961933360095,11.433874841758623,103.65816322488128
20240728,17,83,450,7,600,70.63981734215677,60.13961413028722,469.220568527556
20240728,415,83,366,7,205,14.31438556454843,27.984499299360895,162.70111513609066
20240728,939,83,35,7,398,13.483934743913357,59.308254909731595,325.207810346355
20240728,397,83,741,6,371,41.073160480226285,32.02831642465956,297.8985230951142
20240728,591,83,313,16,772,102.84765157835368,63.18604355515475,605.9663048664916
20240728,584,83,104,7,837,109.2988707307811,72.48829378597958,655.2128354832394
20240728,550,83,209,20,315,19.132202853054107,43.64803955492598,252.2197575920199
20240728,35,83,306,11,213,31.000351348152158,17.848804586797257,164.1508440650506
20240728,490,83,5,3,333,33.02192249177983,20.44461662232957,279.5334608858906
20240728,557,83,104,10,233,26.74901882448829,34.554275958718,171.6967052167937
20240728,870,83,792,4,766,27.18212008736358,72.48203337335036,666.3358465392861
20240728,699,83,159,15,500,45.09652946655299,45.840379651642245,409.0630908818048
20240728,83,83,792,8,988,131.4360749590172,80.31683143829304,776.2470936026898
20240728,561,83,165,20,465,69.40086010484094,26.966950935249084,368.63218895990997
20240728,579,83,609,11,479,22.988088403379585,31.583359508098116,424.4285520885223
20240728,959,83,242,17,850,121.26546438117646,127.30273614874066,601.4317994700829
20240728,378,83,200,10,160,9.17088840889347,13.028377959755414,137.8007336313511
20240728,662,83,420,16,638,63.488348078774656,48.188415178036685,526.3232367431887
20240728,259,83,150,20,261,7.82117288192967,17.412169381717316,235.766657736353
20240728,414,83,358,19,935,104.8736887857046,78.60148898352438,751.524822230771
20240728,172,83,195,19,609,44.438917658453356,36.054489852287745,528.5065924892589
20240728,503,83,354,14,903,38.48573362994017,55.5522353453786,808.9620310246812
20240728,604,83,443,4,127,18.739132463553968,10.904028865951378,97.35683867049465
20240728,928,83,698,12,259,21.246474689632503,18.352073477871755,219.40145183249575
20240728,396,83,347,11,143,3.542843901422991,16.458830030133395,122.99832606844362
20240728,758,83,516,10,323,30.177475058867692,44.70612576416115,248.11639917697116
20240728,88,83,588,20,751,95.47715298759093,82.24156924399662,573.2812777684125
20240728,796,83,10,9,889,77.0431176106823,92.20575208734672,719.751130301971
20240728,924,83,313,6,962,82.38744110551872,99.63072485169148,779.9818340427898
20240728,47,83,164,20,346,9.379884852172083,28.44688147770148,308.1732336701264
20240728,659,83,525,7,167,12.615413638263043,23.412460674457538,130.9721256872794
20240728,986,83,169,2,964,26.158720822039832,143.6879362398935,794.1533429380667
20240728,931,83,350,17,130,4.157061217092902,10.31656896084762,115.52636982205948
20240728,212,83,757,12,832,48.38009047212209,97.4917489244469,686.1281606034311
20240728,813,83,603,19,426,36.085271803170606,27.260529122606478,362.6541990742229
20240728,638,83,639,2,711,59.219181980786914,104.57012798242461,547.2106900367885
20240728,192,83,339,15,291,21.35625496959497,34.15217499299958,235.49157003740544
20240728,481,83,721,18,551,20.915240614686976,69.75812399096296,460.3266353943501
20240728,771,83,145,1,922,97.53744792513452,93.62297630680257,730.8395757680629
20240728,606,83,377,1,992,108.87983998811505,85.01300514727352,798.1071548646114
20240728,292,83,443,9,114,12.398335521185743,10.339879748420564,91.26178473039369
20240728,319,83,44,12,524,77.03326756244982,75.36280050643676,371.60393193111344
20240728,502,83,205,2,495,64.2375560941742,37.133549484176854,393.62889442164897
20240728,561,83,407,4,793,22.250362512067863,113.83391959131797,656.9157178966142
20240728,660,83,912,3,370,8.244550668869325,33.31307486656718,328.4423744645635
20240728,438,83,156,12,367,12.642536002126944,31.56883877699289,322.78862522088014
20240728,570,83,867,4,608,79.20485719405102,87.23778401059205,441.55735879535695
20240728,170,83,460,15,329,11.738302938202095,24.73461223479872,292.52708482699916
20240728,259,83,868,3,669,100.30740240961603,80.31210922601919,488.3804883643648
20240728,548,83,514,2,846,39.80201513953377,100.33240746775792,705.8655773927082
20240728,86,83,593,11,401,41.60660443017903,38.79296825253889,320.6004273172821
20240728,182,83,83,17,224,31.907234333471237,17.208215973123213,174.88454969340555
20240728,689,83,6,18,448,24.145138697549868,43.47080323117134,380.3840580712788
20240728,911,83,777,7,386,20.478866607905424,48.68045147927461,316.84068191281995
20240728,138,83,20,3,726,92.98018735679938,84.2268259071157,548.7929867360849
20240728,812,83,567,6,701,81.37193906516045,78.86675559242697,540.7613053424126
20240728,278,83,60,5,124,17.48696139226571,7.769432468982625,98.74360613875166
20240728,376,83,428,20,876,49.85073745028764,109.91362605311463,716.2356364965977
20240728,625,83,869,6,350,50.05620730179349,38.99559347860867,260.9481992195978
20240728,583,83,208,8,467,64.92689168883426,43.14441600735993,358.9286923038058
20240728,43,83,853,10,151,13.270532147985806,9.040598568152474,128.68886928386172
20240728,123,83,885,4,979,98.70289525999127,120.97633706525568,759.320767674753
20240728,607,83,162,16,954,50.894406483430835,80.77996442014336,822.3256290964258
20240728,152,83,667,14,107,6.157874306865246,5.398402925592365,95.4437227675424
20240728,485,83,916,2,607,35.96634102369943,38.169122388084304,532.8645365882163
20240728,515,83,122,18,357,42.03970103735762,34.76642262789249,280.1938763347499
20240728,73,83,764,7,957,38.612014835457714,67.82978435801184,850.5582008065304
20240728,305,83,912,14,212,20.468268578016506,20.84900211805339,170.6827293039301
20240728,609,83,118,13,658,43.49058663992874,82.57374491750888,531.9356684425624
20240728,570,83,518,1,228,7.333625574513477,20.336311263397743,200.33006316208878
20240728,419,83,256,11,279,28.71608091290269,18.66231108476756,231.62160800232976
20240728,785,83,185,11,969,97.22677528725457,95.04036175381073,776.7328629589347
20240728,141,83,446,1,316,38.641626743131376,42.37786879133342,234.9805044655352
20240728,198,83,912,16,613,51.91882005139909,63.68806905021583,497.3931108983851
20240728,840,83,399,13,689,86.16822281205029,86.15307859721939,516.6786985907304
20240728,392,83,603,15,779,31.17631229485911,52.02555856647659,695.7981291386643
20240728,516,83,228,7,421,54.1416162305176,32.29679974431907,334.56158402516337
20240728,189,83,82,11,310,28.831267132553158,41.12426789171598,240.04446497573088
20240728,807,83,619,2,173,20.576185001598446,21.509070961798052,130.9147440366035
20240728,858,83,962,11,506,30.85408302519077,70.44334114803087,404.70257582677834
20240728,475,83,658,14,207,28.58976228938418,22.183193775802113,156.2270439348137
20240728,918,83,367,1,617,88.94577110901804,79.4592355762186,448.59499331476337
20240728,531,83,154,17,967,80.1418950482155,50.670302024103776,836.1878029276807
20240728,572,83,205,2,374,52.4879042494528,20.08045068569768,301.43164506484953
20240728,303,83,148,14,155,13.329961194643593,17.873747320615905,123.7962914847405
20240728,327,83,124,9,517,68.46414611221293,41.19301237199775,407.3428415157893
20240728,668,83,58,3,979,64.31118552701349,104.31513164478682,810.3736828281997
20240728,342,83,22,8,191,9.53431587424306,25.010098716770923,156.45558540898602
20240728,124,83,182,12,736,25.402693017027296,40.68225153746183,669.9150554455109
20240728,366,83,187,7,894,88.02571788990682,103.60080482680235,702.3734772832909
20240728,681,83,984,3,214,10.14849227891632,28.16725944198465,175.68424827909902
20240728,600,83,438,13,996,141.36960328665225,50.28141022740818,804.3489864859396
20240728,762,83,431,8,683,13.951543195669682,53.2289720705472,615.8194847337832
20240728,512,83,273,10,742,56.49061152267675,79.55377719349396,605.9556112838293
20240728,679,83,581,6,549,77.30208673539703,57.58839310499194,414.10952015961107
20240728,118,83,493,3,353,8.58410723594214,24.71652632353977,319.6993664405181
20240728,4,83,770,9,573,65.57547003963683,30.456094690855412,476.9684352695078
20240728,863,83,334,9,225,26.231828450189436,15.055195808517848,183.71297574129272
20240728,944,83,700,19,244,34.50338610543357,19.075341432926972,190.42127246163946
20240728,271,83,547,1,506,26.1406242387936,67.64312016956971,412.2162555916367
20240728,914,83,625,19,136,14.247375294980205,20.364087003187826,101.38853770183196
20240728,402,83,848,6,239,23.94100028555281,34.036153635830864,181.02284607861634
20240728,117,83,863,15,619,29.231424175511734,84.32846303477913,505.44011278970913
20240728,404,83,218,17,312,25.80986899204626,21.708656614902846,264.4814743930509
20240728,921,83,583,13,385,57.140272726653414,49.28181773755295,278.57790953579365
20240728,72,83,484,3,790,73.33049194870493,93.05111499195968,623.6183930593354
20240728,140,83,307,20,512,60.12348030955341,46.37565636663,405.5008633238166
20240728,557,83,929,4,827,27.970739666066393,89.01674290846692,710.0125174254667
20240728,390,83,219,15,896,48.148562990404905,55.6242304888944,792.2272065207007
20240728,552,83,390,3,382,7.823399214646848,39.70024063331598,334.47636015203716
20240728,922,83,882,10,626,26.211115524605997,72.0759568579253,527.7129276174687
20240728,754,83,496,1,809,108.87008919732335,98.06774261159337,602.0621681910833
20240728,738,83,322,18,373,34.8204107791225,25.240628920710222,312.9389603001673
20240728,103,83,566,1,632,25.857082162312143,52.04990017076923,554.0930176669186
20240728,694,83,578,15,440,18.885650480954872,52.586695762676726,368.5276537563684
20240728,63,83,325,1,994,30.255418807617282,71.71285070964723,892.0317304827355
20240728,951,83,969,6,606,44.723702969762385,58.57561674498351,502.70068028525407
20240728,256,83,447,10,158,3.7582543346185635,23.05232414902647,131.18942151635497
20240728,252,83,447,20,632,87.95032626881499,41.002773028926434,503.04690070225854
20240728,771,83,176,5,463,50.79110896171721,58.80556279505231,353.4033282432305
20240728,929,83,129,19,716,54.81467198120891,67.83604760982655,593.3492804089645
20240728,147,83,98,15,909,25.344471035343314,94.11533677603965,789.5401921886171
20240728,295,83,192,18,979,26.34229534430404,60.44266368696159,892.2150409687343
20240728,67,83,180,17,828,52.8299421302503,52.27249812284268,722.8975597469071
20240728,112,83,442,19,207,4.289314051770296,22.021574790964426,180.68911115726527
20240728,312,83,294,20,884,114.63480293577788,63.72223947622602,705.6429575879961
20240728,628,83,698,9,423,50.434925028526706,33.265596741955775,339.2994782295175
20240728,30,83,604,19,249,22.001851602969502,37.018524327410795,189.97962406961972
20240728,211,83,923,7,925,112.1444407222573,108.60646745459297,704.2490918231497
20240728,155,83,610,9,885,36.39692085252846,82.13577877366716,766.4673003738044
20240728,966,83,214,15,515,16.46625136787556,62.25982379047134,436.27392484165307
20240728,404,83,237,7,135,9.049124167046646,18.541558236844605,107.40931759610875
20240728,919,83,698,17,159,8.012805457071245,22.110568590166725,128.87662595276203
20240728,76,83,57,17,498,59.61073593493088,59.031655538097056,379.35760852697206
20240728,554,83,746,1,925,130.86418802746476,83.50996357728496,710.6258483952503
20240728,509,83,59,20,737,65.80367651947475,93.43284873037139,577.7634747501538
20240728,60,83,523,13,574,42.57584680410544,57.80036618856996,473.6237870073246
20240728,743,83,162,13,926,122.46942715523393,73.66069811017226,729.8698747345939
20240728,802,83,339,4,705,90.20611341299114,55.77498575050255,559.0189008365063
20240728,54,83,523,12,505,29.02857279117848,54.38222179512861,421.5892054136929
20240728,29,83,785,17,180,12.526876592618212,22.432397568116645,145.04072583926515
20240728,242,83,765,5,831,110.06811012158944,54.293191803455386,666.6386980749552
20240728,229,83,202,13,756,35.3895277043116,88.31737453236585,632.2930977633225
20240728,256,83,961,8,772,78.77505107478744,63.09741065301736,630.1275382721951
20240728,294,83,196,6,226,33.59839731897804,16.029915803707297,176.37168687731466
20240728,164,83,571,19,248,12.19275251096781,20.033706830624098,215.77354065840808
20240728,918,83,888,3,673,59.657367401510875,83.48275573749422,529.859876860995
20240728,518,83,277,5,407,16.28104803937342,52.1438381002833,338.57511386034327
20240728,610,83,338,13,437,29.453488589973137,51.87737224128596,355.6691391687409
20240728,418,83,598,18,583,30.95360074294151,79.65752607201571,472.38887318504277
20240728,803,83,24,20,498,65.23965181633321,52.853413061607135,379.9069351220596
20240728,228,83,180,8,664,83.58573024979582,61.49314046593324,518.9211292842709
20240728,58,83,849,7,791,91.38841741995778,99.78854350948401,599.8230390705583
20240728,32,83,281,3,708,61.915668130579284,61.191041867953174,584.8932900014676
20240728,225,83,504,15,376,41.80784218339454,50.69380958195562,283.4983482346498
20240728,157,83,954,18,756,82.74373607338877,53.68660182069637,619.5696621059149
20240728,184,83,787,3,247,7.392994264335568,26.094977553375855,213.5120281822886
20240728,120,83,937,16,274,6.268590346757599,27.19077615578105,240.54063349746136
20240728,202,83,284,5,622,73.23502510709424,58.00047812910983,490.76449676379593
20240728,723,83,91,10,800,51.75449772730198,90.953571717517,657.291930555181
20240728,715,83,125,8,538,77.89252639228987,64.93129577678802,395.17617783092214
20240728,209,83,833,19,347,42.802686806259125,26.395029851118117,277.8022833426228
20240728,236,83,646,16,525,44.29814812642867,72.7962800946112,407.9055717789601
20240728,169,83,894,15,810,50.96962742244783,106.03882432644095,652.9915482511112
20240728,174,83,642,1,696,40.46432647405841,58.08466754536459,597.4510059805771
20240728,931,83,512,12,563,38.79283820882355,60.09666122850416,464.1105005626723
20240728,95,83,267,14,544,65.7435186842691,59.59138978944552,418.6650915262854
20240728,86,83,170,16,991,133.78591548374308,105.67968750661139,751.5343970096455
20240728,925,83,295,12,997,37.23682524935939,80.76332983566338,878.9998449149772
20240728,47,83,83,2,397,51.01216056244519,21.682840537556537,324.3049988999983
20240728,367,83,291,11,949,79.57261718260918,83.35114550249276,786.0762373148981
20240728,658,83,364,19,135,3.4190412626987126,13.50714144293324,118.07381729436804
20240728,986,83,670,3,874,124.33978850685521,111.40932601872325,638.2508854744215
20240728,379,83,738,20,555,20.31484026374797,61.01604649588744,473.6691132403646
20240728,398,83,3,12,596,23.057994320487296,35.540246424702026,537.4017592548107
20240728,189,83,118,15,984,135.24281749764543,66.89857211450615,781.8586103878484
20240728,762,83,888,18,188,12.174878718622514,27.461356471863308,148.36376480951418
20240728,676,83,146,17,148,7.231462092149762,9.481236107541465,131.28730180030877
20240728,926,83,448,15,913,61.22664409332171,88.97221214075422,762.801143765924
20240728,185,83,785,11,868,126.1677701941739,59.39632088885305,682.4359089169731
20240728,800,83,350,20,946,110.97682044571448,128.72312957333412,706.3000499809514
20240728,607,83,890,19,654,17.02797458734009,34.768224178678835,602.203801233981
20240728,413,83,113,6,545,39.66744951747575,54.907557331530946,450.4249931509933
20240728,338,83,536,12,410,19.72725928425972,50.3229380966244,339.94980261911587
20240728,224,83,409,3,322,47.67594116091032,18.48716039124464,255.83689844784504
20240728,826,83,683,9,276,23.841943255077314,32.19834560440786,219.95971114051483
20240728,391,83,849,12,537,49.18667913508705,27.61670653854621,460.1966143263667
20240728,383,83,480,11,969,57.44361459621676,115.19430021459404,796.3620851891892
20240728,691,83,446,14,810,39.12137175686035,81.39254659051124,689.4860816526284
20240728,873,83,218,16,224,22.672928133968597,31.320740960074403,170.006330905957
20240728,979,83,882,10,894,113.12753342219015,98.5165324038269,682.355934173983
20240728,1000,83,800,18,873,37.70879826470448,67.67701811422165,767.6141836210738
20240728,718,83,61,6,656,44.23889803597623,41.944474290421894,569.8166276736019
20240728,440,83,433,1,390,39.600914682481644,21.241747136673883,329.1573381808445
20240728,763,83,724,11,681,38.00747521353465,56.55695400361434,586.4355707828511
20240728,125,83,277,1,899,117.2675496800183,81.60057513717832,700.1318751828034
20240728,152,83,943,6,411,44.26712128749395,39.063403961264356,327.6694747512417
20240728,577,83,75,2,602,60.72049611717432,81.6397811163101,459.63972276651555
20240728,175,83,84,5,199,17.627537164937223,27.29503237183357,154.0774304632292
20240728,165,83,90,6,999,71.33250040347798,51.429141978179224,876.2383576183428
20240728,762,83,70,11,426,56.291801679275906,55.96307912383153,313.7451191968926
20240728,48,83,728,7,417,19.48178928297645,37.39725223891263,360.12095847811094
20240728,943,83,622,1,109,15.424464951982506,10.953439494550922,82.62209555346658
20240728,821,83,529,1,786,72.38601458194675,113.11183304435905,600.5021523736942
20240728,937,83,851,4,798,108.29017230086673,116.60596310217437,573.1038645969588
20240728,981,83,427,17,282,28.82460103344174,34.42482263382956,218.7505763327287
20240728,567,83,416,15,334,28.61878125193173,29.19481738013094,276.1864013679373
20240728,522,83,852,2,421,11.22068999064041,29.604815922533547,380.17449408682603
20240728,975,83,493,11,282,29.579465057338734,16.767822145943118,235.65271279671816
20240728,635,83,495,6,160,18.093372843204918,16.265600830158714,125.64102632663636
20240728,220,83,830,18,633,48.92151635021449,80.30862672077464,503.76985692901087
20240728,493,83,725,20,810,54.46191842691561,54.68075537778484,700.8573261952995
20240728,933,83,901,8,405,29.835270031593932,32.73463708738304,342.43009288102303
20240728,231,83,650,12,106,10.827254730249898,10.167473239260184,85.00527203048992
20240728,856,83,879,14,395,55.03167040193237,42.36879649446746,297.59953310360015
20240728,470,83,277,7,411,30.821971398435903,33.71729353723107,346.460735064333
20240728,913,83,970,17,590,74.57303427255802,68.99995027977221,446.42701544766976
20240728,400,83,107,15,445,29.736131413705316,65.73177017301145,349.5320984132832
20240728,127,83,340,5,849,125.05219323617035,48.42151749527757,675.5262892685521
20240728,136,83,838,14,107,4.496181857330286,11.145065461193784,91.35875268147593
20240728,445,83,637,3,912,21.0935544304232,56.66310211393287,834.243343455644
20240728,802,83,504,13,638,72.09782996837413,38.72898625660892,527.1731837750169
20240728,15,83,268,16,410,12.508620070318477,40.28921142476672,357.2021685049148
20240728,357,83,538,13,248,32.13098843405433,20.58593202690636,195.2830795390393
20240728,70,83,474,19,382,31.575049585766788,53.37991515057178,297.0450352636614
20240728,699,83,381,19,806,45.626960933939685,49.0230298451784,711.3500092208819
20240728,473,83,298,13,327,24.19286688788218,47.23148097341972,255.5756521386981
20240728,103,83,188,9,816,96.3125054466001,90.4814512422147,629.2060433111852
20240728,91,83,297,5,452,25.242382540980852,24.729672814862234,402.02794464415695
20240728,9,83,782,17,105,13.820466071903988,6.792218464675801,84.38731546342021
20240728,963,83,643,11,677,53.22394474560227,97.41878285394047,526.3572724004573
20240728,700,83,338,16,839,125.65309070246535,109.02858260295552,604.3183266945791
20240728,199,83,395,9,439,55.30477334580727,54.080485139791875,329.61474151440086
20240728,288,83,497,11,317,12.393662901138981,41.753620082578145,262.8527170162829
20240728,773,83,405,15,100,10.382119331618993,8.97188951644441,80.6459911519366
20240728,911,83,23,18,621,34.63114257018285,35.01879354732662,551.3500638824905
20240728,164,83,506,11,658,72.05752053289513,87.69753990652868,498.2449395605762
20240728,367,83,59,2,321,45.577928388031566,39.83141175343393,235.5906598585345
20240728,880,83,700,4,465,59.38085619993791,61.935580773788516,343.6835630262736
20240728,871,83,135,3,582,85.86222456585605,51.640797901577336,444.4969775325666
20240728,861,83,695,10,298,10.8794876085792,30.299616949234437,256.8208954421864
20240728,434,83,475,12,947,47.01069536724631,130.5776289363126,769.4116756964411
20240728,668,83,33,15,853,54.909955451829795,79.35918551939757,718.7308590287727
20240728,623,83,323,13,179,15.896257436901935,11.075876083289696,152.02786647980838
20240728,700,83,966,2,572,81.08060230457957,48.336870956416604,442.5825267390038
20240728,553,83,664,12,604,35.47873855923729,36.869121320047526,531.6521401207152
20240728,901,83,697,2,664,70.23324224329377,87.85648168505269,505.9102760716535
20240728,439,83,995,16,732,56.039039044177436,61.5119420053587,614.4490189504638
20240728,982,83,543,15,416,46.331436918942885,25.652960691011458,344.0156023900457
20240728,575,83,935,20,846,121.61914984784858,124.65805820270947,599.7227919494419
20240728,841,83,364,2,170,24.305488465544705,18.887833126139856,126.80667840831543
20240728,284,83,68,14,357,17.07262005478446,39.803795844643226,300.1235841005723
20240728,167,83,82,15,534,18.97435260072912,62.71528674130979,452.3103606579611
20240728,580,83,803,8,814,56.76395421215484,74.16066356523369,683.0753822226114
20240728,125,83,424,15,325,6.7424884926014546,26.288489143547068,291.9690223638515
20240728,714,83,975,6,997,116.57165176619907,52.63477315621003,827.793575077591
20240728,444,83,127,10,366,20.177202307739716,33.109865012887354,312.7129326793729
20240728,192,83,181,1,589,23.162910444133267,74.60462053638223,491.2324690194845
20240728,963,83,228,10,386,42.66093923304042,49.399800370504856,293.93926039645476
20240728,934,83,678,7,333,33.80067446382126,26.499383004354772,272.699942531824
20240728,49,83,906,2,433,46.8354255032478,24.622523087857775,361.5420514088944
20240728,58,83,430,4,411,21.70950415247982,50.98935231379211,338.30114353372807
20240728,651,83,880,3,967,32.741211669534806,118.78432804757364,815.4744602828915
20240728,598,83,270,20,471,43.30125873706985,29.707420261923186,397.99132100100695
20240728,176,83,452,4,756,34.915740822884274,52.063959057693694,669.020300119422
20240728,294,83,294,1,415,54.824695779923594,33.93456144247647,326.24074277759996
20240728,113,83,844,5,574,67.69586816635609,40.88371871314718,465.42041312049673
20240728,822,83,717,15,874,66.76170696261117,108.88739624988058,698.3508967875082
20240728,332,83,970,13,818,115.5626691276379,104.22811651725863,598.2092143551035
20240728,93,83,500,2,683,76.61397537747577,72.18907665306916,534.1969479694551
20240728,62,83,779,2,445,26.15075480799964,39.39284348382036,379.45640170818
20240728,830,83,815,15,632,40.57606741697484,89.44809991481364,501.9758326682115
20240728,777,83,112,5,899,19.337335960815263,74.92411600526108,804.7385480339236
20240728,339,83,859,17,975,43.73383235512082,64.46241548557113,866.803752159308
20240728,784,83,164,12,554,19.601690598223847,60.41506938564288,473.98324001613327
20240728,392,83,392,15,969,112.98184005277801,77.35923730816943,778.6589226390525
20240728,31,83,862,2,473,59.9909039835477,59.147598546946284,353.86149746950605
20240728,119,83,975,7,810,103.00673184738838,54.26784182171233,652.7254263308993
20240728,437,83,748,16,833,80.21074067650733,114.15203788411493,638.6372214393778
20240728,869,83,718,8,108,4.679680756007298,7.596660780120242,95.72365846387245
20240728,5,83,553,18,615,44.66382809364146,70.57989236932643,499.7562795370321
20240728,785,83,788,10,795,72.38716031317843,84.68665606334697,637.9261836234746
20240728,200,83,709,16,747,61.582063532200856,92.30288306851875,593.1150533992804
20240728,689,83,662,15,676,37.72381259597635,92.18558076989434,546.0906066341292
20240728,257,83,950,7,118,15.113605826630641,8.73107005848235,94.15532411488701
20240728,984,83,7,9,824,64.66595464666851,114.90684945469252,644.427195898639
20240728,329,83,945,8,334,8.05513739813233,29.312603262473,296.63225933939464
20240728,232,83,870,13,981,69.1806164034797,107.82315212453179,803.9962314719885
20240728,666,83,900,16,889,93.17081810198196,67.43091459220672,728.3982673058113
20240728,254,83,643,16,460,40.73961099384397,39.70718505320453,379.5532039529515
20240728,779,83,36,9,674,15.387261545532258,96.70992264693822,561.9028158075296
20240728,745,83,448,16,765,39.018236180858736,80.626464569812,645.3552992493293
20240728,717,83,516,14,390,32.793414793312216,52.22383301349961,304.98275219318816
20240728,100,83,501,2,149,16.143419754287216,8.65814285061439,124.1984373950984
20240728,60,83,937,17,968,22.465716668747106,136.67429305413606,808.8599902771168
20240728,304,83,255,3,394,19.586119533087963,26.64715075141321,347.76672971549885
20240728,385,83,646,1,655,85.96678236127966,67.92256123729392,501.1106564014264
20240728,957,83,447,8,595,24.346562977706252,33.341505538677794,537.3119314836159
20240728,683,83,341,1,259,36.2649843698797,23.561697889924243,199.17331774019607
20240728,679,83,28,10,737,67.33794582599259,93.09693993497388,576.5651142390335
20240728,676,83,286,1,741,52.9730910944429,73.69787408878199,614.3290348167751
20240728,320,83,861,15,829,117.15852399360149,117.18059938034045,594.6608766260581
20240728,279,83,608,4,220,7.7640671182178105,14.112989865680984,198.1229430161012
20240728,602,83,132,10,963,115.16230376486841,107.74913933947458,740.088556895657
20240728,772,83,321,10,927,129.637859780074,50.0332678486977,747.3288723712283
20240728,876,83,919,18,944,44.49808565835283,131.87117534640026,767.6307389952469
20240728,242,83,88,12,331,11.56419007252927,31.40044169679075,288.03536823068
20240728,734,83,197,2,477,40.95263442998887,70.26757914256193,365.7797864274492
20240728,592,83,349,1,874,42.13756559635699,120.60228782462168,711.2601465790214
20240728,791,83,324,15,768,18.064751607134564,91.37256097913789,658.5626874137275
20240728,532,83,479,12,562,18.67766847620369,67.63529674489075,475.68703477890557
20240728,865,83,757,12,670,36.86361115212398,57.81347699840239,575.3229118494736
20240728,966,83,363,5,345,17.069997008476577,25.973286788043197,301.95671620348025
20240728,438,83,438,4,224,11.643087980998025,15.118710990618576,197.2382010283834
20240728,955,83,345,19,333,49.67157029720964,46.938421583642615,236.39000811914775
20240728,201,83,3,4,135,7.43473500180901,17.812527234952466,109.75273776323853
20240728,313,83,160,16,275,8.410192107706914,29.0593586812921,237.53044921100098
20240728,929,83,843,18,644,19.691902341253684,48.228749236578686,576.0793484221676
20240728,768,83,39,2,690,22.897467025527362,43.08014845149355,624.0223845229791
20240728,318,83,352,17,536,57.075091467155275,41.09724053976044,437.8276679930843
20240728,571,83,645,13,449,23.777634467219873,59.467303006881934,365.7550625258982
20240728,463,83,699,2,359,43.204786705792415,27.141489439900678,288.6537238543069
20240728,114,83,545,15,629,93.3241508539266,89.78833090696601,445.8875182391074
20240728,590,83,663,18,777,41.95063567877837,102.23996707972333,632.8093972414983
20240728,686,83,280,17,780,87.0925192196749,73.73213858794898,619.1753421923761
20240728,811,83,133,5,508,75.21550781585984,53.64316806380545,379.14132412033473
20240728,181,83,373,19,449,40.82209795783605,57.42961270213852,350.7482893400254
20240728,97,83,984,10,289,8.983769373550698,34.11900883480438,245.8972217916449
20240728,573,83,36,6,400,40.28132837065168,35.538923332822826,324.17974829652553
20240728,298,83,242,20,400,10.353693530707774,49.7016765412732,339.944629928019
20240728,256,83,51,2,552,74.36168259373493,66.832942826305,410.8053745799601
20240728,539,83,811,3,110,3.2055400681443493,6.115836677895589,100.67862325396007
20240728,306,83,206,1,563,34.56052451057772,43.4282004331739,485.0112750562484
20240728,111,83,57,14,456,63.50309156042012,44.18897685215047,348.3079315874294
20240728,889,83,600,19,287,22.89487128296691,31.41059088266209,232.694537834371
20240728,94,83,763,1,529,23.612577652970714,48.05788905431767,457.32953329271163
20240728,982,83,788,20,113,3.0310394500616114,14.502142552106452,95.46681799783194
20240728,538,83,710,13,129,3.739213168348806,14.674834877720365,110.58595195393083
20240728,706,83,366,13,129,4.315587420529013,13.218670785378245,111.46574179409274
20240728,820,83,843,5,740,64.1895691224521,86.84143332355126,588.9689975539966
20240728,768,83,166,4,264,33.916890082822036,35.63923595933434,194.4438739578436
20240728,373,83,915,16,407,52.80174526359018,40.01375827524627,314.1844964611636
20240728,524,83,33,6,705,81.96924171321287,51.25931787322345,571.7714404135637
20240728,71,83,196,2,682,84.4827929478825,88.56770912491514,508.94949792720234
20240728,639,83,193,14,876,32.170202258571386,63.847045476663524,779.982752264765
20240728,129,83,407,13,461,40.693809101718294,44.8962645611429,375.4099263371388
20240728,301,83,865,9,889,23.961062101772054,99.46561631435172,765.5733215838762
20240728,852,83,624,19,288,8.104321636363586,27.183631792330644,252.71204657130576
20240728,901,83,337,14,188,6.186129548190969,14.233433960498049,167.580436491311
20240728,616,83,8,18,831,98.40391271388195,111.51046808432667,621.0856192017914
20240728,513,83,364,4,876,71.1521994505957,81.46220475554966,723.3855957938547
20240728,237,83,194,6,740,33.99648921868743,66.11352659924806,639.8899841820645
20240728,708,83,218,1,228,14.237094686311522,30.16427153233801,183.5986337813505
20240728,672,83,335,2,122,17.816303675943768,7.872523870300412,96.31117245375582
20240728,904,83,942,10,241,14.78210278198227,35.7620834507946,190.45581376722313
20240728,571,83,420,1,955,31.89997723323409,112.24755247005929,810.8524702967067
20240728,377,83,768,3,665,69.17232750559548,46.43745953359949,549.390212960805
20240728,951,83,880,7,867,40.35221895604676,52.82966454680124,773.818116497152
20240728,738,83,873,1,624,79.21523317621079,88.09517577927097,456.68959104451824
20240728,238,83,702,20,120,14.626123904258286,6.850473117970094,98.52340297777162
20240728,668,83,475,18,616,67.53976618213544,55.09723023802037,493.3630035798442
20240728,614,83,953,12,738,34.208539774666534,79.60698302501874,624.1844772003147
20240728,120,83,517,18,107,3.650553739420318,12.910954059604055,90.43849220097563
20240728,480,83,252,6,545,62.92242706255019,79.96413530716113,402.1134376302887
20240728,276,83,285,6,274,28.587376212456977,37.45129904510986,207.96132474243316
20240728,795,83,784,15,499,72.75648288092421,61.05928912056292,365.1842279985129
20240728,350,83,850,11,979,26.367412505824625,49.05613306314564,903.5764544310298
20240728,124,83,848,7,814,93.97534297298151,92.41010477760435,627.6145522494141
20240728,670,83,361,6,342,34.78572954727752,49.959024012337245,257.25524644038524
20240728,718,83,501,1,894,65.1369886335235,110.15933100322277,718.7036803632537
20240728,17,83,712,15,820,99.28162058387412,44.71929569388013,675.9990837222458
20240728,584,83,701,19,694,32.74929821935168,48.64146490560173,612.6092368750466
20240728,136,83,599,12,115,15.41289114917722,9.566837424628547,90.02027142619423
20240728,219,83,408,20,728,82.47046753665383,51.096528736811365,594.4330037265348
20240728,138,83,589,15,588,79.14625319923627,78.26907831257014,430.5846684881936
20240728,901,83,251,1,849,40.921143075269036,87.55542596756219,720.5234309571688
20240728,50,83,113,18,617,61.11017122116663,64.58615604179774,491.30367273703564
20240728,842,83,121,8,669,37.586432337255204,35.81531365263741,595.5982540101074
20240728,115,83,369,12,910,66.81717060228281,123.37413634275595,719.8086930549612
20240728,913,83,146,2,720,74.88576909404992,104.8771738468355,540.2370570591146
20240728,707,83,836,9,624,92.2927733234453,43.10963994729696,488.5975867292577
20240728,75,83,240,10,730,52.26819312737587,55.703285623354645,622.0285212492695
20240728,973,83,164,1,532,63.97859758930013,54.897078248478806,413.12432416222106
20240728,448,83,498,18,687,29.568703652546148,54.586950067529315,602.8443462799246
20240728,213,83,476,7,302,18.42825437559888,34.689445592200606,248.88230003220053
20240728,293,83,295,3,584,24.25595134747869,55.10122441812317,504.6428242343982
20240728,30,83,768,9,904,126.67858297739244,93.8106476447633,683.5107693778443
20240728,697,83,420,19,498,10.682707977665753,41.10159378476231,446.2156982375719
20240728,314,83,433,15,540,77.37148571634872,43.27991974003252,419.3485945436188
20240728,868,83,269,5,929,134.2120980088032,121.03982933612754,673.7480726550693
20240728,852,83,848,3,919,116.58157844709426,78.18457170273521,724.2338498501706
20240728,631,83,167,15,629,86.13500615090948,45.83739713212703,497.0275967169635
20240728,830,83,956,5,390,43.06611547439895,26.690170294137477,320.24371423146357
20240728,641,83,114,12,116,7.686154045276117,8.521961728442617,99.79188422628127
20240728,246,83,749,11,567,73.67410878199074,69.73032846165329,423.595562756356
20240728,600,83,336,3,849,76.65783510405646,75.02891850171574,697.3132463942278
20240728,885,83,540,1,888,85.63819133876835,121.61382259759209,680.7479860636396
20240728,985,83,169,14,440,63.11070980306743,34.22709169665414,342.66219850027846
20240728,391,83,545,9,863,108.81476730936092,105.60787467800884,648.5773580126303
20240728,935,83,311,11,459,35.61655298897006,32.950638237746986,390.43280877328294
20240728,582,83,184,17,836,58.18548065115801,108.74557896306301,669.068940385779
20240728,505,83,76,9,978,87.39777800315835,97.50916113877159,793.0930608580701
20240728,849,83,472,15,384,57.28233787499893,52.549802740927646,274.16785938407344
20240728,299,83,256,15,454,46.132208742837655,24.90858270740804,382.9592085497543
20240728,527,83,655,1,918,51.33292901986473,90.91957899505272,775.7474919850825
20240728,163,83,378,6,821,36.82845693912867,116.49440884103086,667.6771342198405
20240728,354,83,780,9,127,17.122127753715283,18.88420349510858,90.99366875117613
20240728,280,83,507,1,528,57.43569139207727,28.601434094554353,441.9628745133684
20240728,563,83,308,17,444,25.168686721095458,24.68597370044056,394.14533957846396
20240728,286,83,478,4,976,83.56632618821294,116.71291061144562,775.7207632003415
20240728,999,83,181,18,396,44.51888865121306,48.98481508410181,302.49629626468516
20240728,216,83,671,15,502,11.705021830516682,30.032166839925186,460.26281132955813
20240728,470,83,758,1,525,21.857196205889576,73.16559247767243,429.977211316438
20240728,408,83,350,20,379,23.55938644776736,50.76170063591173,304.6789129163209
20240728,849,83,915,17,710,21.736951771750626,46.37169047800526,641.8913577502441
20240728,253,83,801,5,796,20.847507247021024,46.41914067285936,728.7333520801196
20240728,374,83,115,11,435,25.627486678297316,27.949268136438185,381.4232451852645
20240728,178,83,315,4,598,44.61432782817643,64.4929554368022,488.8927167350214
20240728,854,83,740,10,720,77.03649329610649,51.705913405378936,591.2575932985146
20240728,368,83,912,2,843,30.645623538187348,96.71634138768141,715.6380350741313
20240728,133,83,132,8,308,26.877866371995864,42.994996427493845,238.12713720051028
20240728,853,83,997,19,326,39.46801504999508,42.9587220755661,243.57326287443883
20240728,992,83,879,19,979,33.6789434803961,61.249692589951835,884.0713639296521
20240728,405,83,62,16,920,94.33080364724542,99.87759808975008,725.7915982630045
20240728,465,83,678,20,385,18.6521963860041,29.140759415507382,337.2070441984885
20240728,614,83,652,5,115,11.964506295359417,14.948171952846767,88.08732175179381
20240728,877,83,39,2,867,68.14049093378271,91.08081736848702,707.7786916977302
20240728,756,83,223,7,591,26.057211346160052,35.14887195957106,529.7939166942689
20240728,82,83,920,17,610,63.283559783100884,67.62391381140499,479.09252640549414
20240728,991,83,780,2,690,29.98709831226816,67.58782084871916,592.4250808390127
20240728,83,83,782,1,983,30.488404117769154,107.58649108851601,844.9251047937148
20240728,560,83,938,15,437,56.159822675052055,22.491719955275606,358.34845736967236
20240728,628,83,125,20,394,55.472775223257464,40.42063242579222,298.10659235095034
20240728,174,83,427,6,117,13.122647486654689,13.309796718617726,90.56755579472758
20240728,669,83,238,5,844,89.07786955416742,61.39479814619072,693.5273322996418
20240728,542,83,664,2,126,18.103598448556287,9.148743942056203,98.74765760938752
20240728,204,83,679,8,830,120.91038316181707,66.61590053156176,642.4737163066211
20240728,372,83,704,13,800,41.60465870897039,58.43112136502453,699.9642199260051
20240728,704,83,716,4,194,6.732761214420363,14.746631298863141,172.5206074867165
20240728,921,83,700,9,497,26.167266401196994,70.45602651750579,400.37670708129724
20240728,894,83,991,18,181,23.324614096017935,12.160753643978852,145.51463226000322
20240728,525,83,268,2,707,47.637197033715644,48.018438162681,611.3443648036034
20240728,491,83,241,17,963,116.25558296268373,137.22455979658514,709.5198572407312
20240728,900,83,808,10,685,58.40204545821017,102.59948491145722,523.9984696303326
20240728,292,83,562,4,218,16.74578469825865,22.2051385153459,179.04907678639546
20240728,757,83,243,16,686,69.83542663712194,64.64475519672392,551.5198181661542
20240728,740,83,623,17,777,30.54699853520651,107.86565060028659,638.5873508645069
20240728,765,83,274,1,507,75.91800082047676,41.937239767762556,389.1447594117607
20240728,709,83,772,18,107,2.468319267361862,7.9981816507362895,96.53349908190185
20240728,85,83,289,18,122,5.09826994351801,11.217724301668982,105.684005754813
20240728,433,83,835,16,866,26.083344963814042,44.765002326407014,795.151652709779
20240728,345,83,520,20,100,5.157362849668361,9.914039035839759,84.92859811449188
20240728,341,83,544,18,185,4.9388970605580225,13.719754797518574,166.3413481419234
20240728,501,83,261,9,415,14.652787675311597,60.919259144285384,339.42795318040305
20240728,290,83,98,11,882,92.21116305504475,130.32520854875298,659.4636283962022
20240728,20,83,393,12,986,138.65244841217714,122.68587867990352,724.6616729079194
20240728,799,83,213,20,283,11.142592075056376,27.59765698342113,244.2597509415225
20240728,743,83,322,17,373,23.852755778694032,38.16762537743644,310.9796188438695
20240728,634,83,694,9,960,73.85171646707887,136.86073689259348,749.2875466403277
20240728,27,83,658,10,577,64.13801232064188,56.4970315822094,456.3649560971487
20240728,897,83,291,6,654,27.212604085743525,89.26640335639219,537.5209925578642
20240728,190,83,725,5,994,75.93618913536984,107.38471675968903,810.6790941049411
20240728,144,83,822,18,772,19.306584968633096,95.40511113056591,657.288303900801
20240728,386,83,391,13,244,19.801695301574206,21.80699319363267,202.39131150479312
20240728,394,83,854,5,358,16.151808659910515,46.755647772986734,295.0925435671028
20240728,460,83,342,13,219,28.238797889844843,15.166704160720569,175.59449794943458
20240728,712,83,549,20,593,39.19605868992598,64.17423431494282,489.6297069951312
20240728,127,83,434,7,850,49.20351993423853,56.90912225689022,743.8873578088712
20240728,610,83,962,15,669,89.77935877165766,92.38144898183185,486.8391922465105
20240728,500,83,750,4,691,89.32123172345318,102.79144329837581,498.887324978171
20240728,689,83,445,12,485,33.42823348581375,48.657927909819655,402.91383860436656
20240728,651,83,589,4,695,89.20922189691774,49.214164629667124,556.5766134734151
20240728,538,83,425,11,893,95.08065208856041,57.06980062993091,740.8495472815086
20240728,679,83,753,15,262,27.468245781552728,20.904069396470426,213.62768482197686
20240728,812,83,864,19,439,53.53459153022415,35.055857482830106,350.40955098694576
20240728,172,83,379,4,529,75.5264708761507,58.14757290623805,395.3259562176113
20240728,469,83,527,19,365,32.0766824607662,20.733035704827678,312.1902818344061
20240728,834,83,258,20,387,53.09897701936721,45.20929280598628,288.6917301746465
20240728,908,83,442,10,687,30.54514396799857,62.37211356029837,594.0827424717031
20240728,832,83,973,6,436,48.83382965807024,47.31484992434885,339.8513204175809
20240728,849,83,521,1,446,30.8134024749153,66.74876709654386,348.43783042854085
20240728,143,83,688,19,535,19.432727861488985,79.40205557145244,436.16521656705856
20240728,478,83,978,3,883,110.44799184289194,113.49193232372608,659.0600758333819
20240728,503,83,825,4,567,20.419647137591898,34.23848108792821,512.3418717744798
20240728,741,83,151,20,903,109.2961316808682,68.57130292970004,725.1325653894318
20240728,867,83,767,6,435,13.935356214257853,61.696667189292135,359.36797659645003
20240728,633,83,34,10,571,19.34230700123795,49.34308289336869,502.3146101053934
20240728,188,83,509,15,390,24.22626091429994,49.69465915808574,316.0790799276143
20240728,533,83,148,9,488,53.600620026966595,37.376972097295194,397.0224078757382
20240728,111,83,714,1,413,42.10349260684809,53.86028352332937,317.03622386982255
20240728,381,83,314,14,888,73.40417175656982,109.78908167596764,704.8067465674626
20240728,901,83,823,10,899,88.51006230310212,91.29290076724865,719.1970369296492
20240728,746,83,324,5,114,3.594254911720961,16.466284725288997,93.93946036299005
20240728,888,83,742,5,750,20.573886525515974,58.112419272800054,671.313694201684
20240728,418,83,878,1,241,20.434710044904996,31.852810883814254,188.71247907128077
20240728,655,83,276,12,730,91.78188994988234,99.51246704664084,538.7056430034768
20240728,708,83,192,7,620,73.60851593297116,32.447451126669804,513.9440329403591
20240728,874,83,630,9,388,16.878191426775587,54.88094585486722,316.2408627183572
20240728,225,83,502,1,362,21.288027643919303,53.12279040730436,287.58918194877634
20240728,310,83,574,6,491,40.160301192957746,41.82551417327849,409.01418463376376
20240728,153,83,840,4,858,44.10560064912252,101.81059220677719,712.0838071441003
20240728,357,83,584,8,659,77.09057446350539,52.89179449460356,529.017631041891
20240728,163,83,694,4,529,53.35246599469567,74.19765995415266,401.4498740511517
20240728,877,83,359,7,522,17.55040617104638,47.63527156072982,456.8143222682238
20240728,367,83,592,11,643,66.07500895265092,71.51776863333872,505.40722241401033
20240728,127,83,24,18,113,15.381900778237942,11.886516833196907,85.73158238856516
20240728,715,83,909,14,753,47.686923920480496,64.99837484439229,640.3147012351272
20240728,449,83,643,12,413,39.62307044674932,28.88159921032222,344.49533034292847
20240728,969,83,743,8,826,48.34951150535849,55.59937600485637,722.0511124897852
20240728,99,83,423,8,658,52.093891496550846,80.77890760670405,525.1272008967451
20240728,84,83,90,13,889,64.63258493914627,119.81470070721969,704.552714353634
20240728,604,83,935,15,356,26.69946688670434,26.063577709549392,303.23695540374626
20240728,670,83,981,20,822,69.81706569404466,103.64110882175947,648.5418254841959
20240728,224,83,535,10,235,19.774706109027598,28.180695531783815,187.04459835918857
20240728,319,83,708,10,342,50.55600967898045,25.646842511051688,265.7971478099679
20240728,947,83,615,2,893,19.378743703242037,93.83888457566333,779.7823717210946
20240728,589,83,550,12,877,18.12357580896873,115.68435141812853,743.1920727729027
20240728,971,83,492,19,416,41.70978688365178,27.48066259031632,346.8095505260319
20240728,893,83,350,14,613,63.81258440023902,77.04331039831611,472.14410520144486
20240728,9,83,801,14,588,12.342240613833928,46.84866648828101,528.8090928978851
20240728,665,83,976,1,934,108.20363170931554,108.67122421129731,717.1251440793872
20240728,593,83,162,10,840,68.32886207633035,119.20819451014653,652.4629434135231
20240728,858,83,506,11,424,15.426114741774358,41.00610999211893,367.5677752661067
20240728,566,83,468,10,294,14.633379797494413,41.46634890512059,237.900271297385
20240728,484,83,143,17,340,49.11668563294378,18.80396728299273,272.0793470840635
20240728,511,83,372,14,426,14.331663780358136,48.404327951216516,363.26400826842536
20240728,206,83,854,5,497,24.177661433650762,36.32435570713527,436.49798285921395
20240728,767,83,432,16,549,37.91427496950763,75.49191616133385,435.5938088691585
20240728,192,83,981,18,967,22.064014619373566,87.56667751638473,857.3693078642417
20240728,89,83,22,11,872,74.44145536732593,101.0523750949844,696.5061695376896
20240728,928,83,7,7,346,39.062713733507245,42.47011615509808,264.4671701113947
20240728,532,83,387,4,179,14.275808166849549,18.455405861662154,146.26878597148828
20240728,667,83,496,4,598,74.34126634024122,80.21759660805508,443.4411370517037
20240728,339,83,189,11,555,67.19053924183983,35.65202935366605,452.1574314044941
20240728,231,83,855,2,695,90.93895907549685,45.99943590392669,558.0616050205765
20240728,571,83,721,17,372,38.97681044408627,49.39265273825419,283.6305368176595
20240728,599,83,343,5,406,17.4184732417307,28.655357075932955,359.92616968233636
20240728,526,83,466,9,524,38.44711185954636,35.568762165232776,449.9841259752209
20240728,402,83,375,13,763,69.29902397403879,78.74199164187912,614.9589843840821
20240728,10,83,934,19,475,33.4399934341684,33.00782981490561,408.552176750926
20240728,364,83,926,16,749,26.214373130825045,45.216426549861424,677.5692003193135
20240728,735,83,612,6,528,12.987264933844276,73.7550360077222,441.25769905843356
20240728,264,83,467,3,698,31.43741359037146,38.67808008223843,627.8845063273901
20240728,760,83,594,8,693,57.12299490414455,49.02947953067603,586.8475255651795
20240728,311,83,784,9,156,13.206022160548056,18.2946710636987,124.49930677575324
20240728,44,83,973,19,470,65.81361179117702,65.45157053693035,338.73481767189264
20240728,119,83,315,4,637,30.138020061309884,79.71274678191173,527.1492331567783
20240728,64,83,202,13,942,24.126602889781914,126.4906107194447,791.3827863907734
20240728,214,83,526,7,349,17.634415001501218,29.28592441222674,302.07966058627204
20240728,970,83,951,13,331,12.466191948817338,33.801592235646886,284.73221581553577
20240728,728,83,499,19,382,34.50368541716221,26.751838039003243,320.74447654383454
20240728,528,83,406,18,119,16.060606362404258,16.78160703908381,86.15778659851193
20240728,94,83,583,12,987,37.331609345933586,70.12629204581825,879.5420986082481
20240728,417,83,218,5,616,46.10940156869916,33.188160444537395,536.7024379867635
20240728,703,83,426,11,307,38.8929392605589,29.394108402787804,238.7129523366533
20240728,331,83,963,8,288,7.390392924997481,35.97274727037572,244.6368598046268
20240728,399,83,194,9,376,31.80908161120626,43.22691324993938,300.96400513885436
20240728,837,83,807,10,187,25.549588165247094,13.811582200140808,147.63882963461208
20240728,504,83,494,16,915,67.54513124832515,127.35786622940654,720.0970025222683
20240728,853,83,97,18,861,120.25849784485615,56.57019845912277,684.1713036960211
20240728,313,83,979,10,198,16.057000362689802,17.315162578386165,164.62783705892403
20240728,638,83,185,1,296,9.491729905035331,28.212832317336453,258.2954377776282
20240728,383,83,735,4,386,40.732953997479754,33.108335783905304,312.15871021861494
20240728,882,83,146,10,986,136.23132505238254,114.65575394894606,735.1129209986714
20240728,294,83,320,9,401,50.34303230831493,41.44107874399703,309.21588894768803
20240728,514,83,684,17,731,54.35640532782477,73.56523627985104,603.0783583923242
20240728,786,83,68,5,193,11.202449728693136,9.695196179152939,172.10235409215392
20240728,80,83,988,18,609,88.71201315650188,79.25185419061044,441.03613265288766
20240728,169,83,744,6,299,30.400466638848865,32.82061546203461,235.77891789911652
20240728,223,83,511,6,919,50.71230471336928,115.29869242977426,752.9890028568565
20240728,798,83,506,13,615,28.2511365797468,91.7408952104929,495.0079682097603
20240728,483,83,474,8,874,33.12265451232919,124.86761859893419,716.0097268887366
20240728,655,83,905,14,415,36.310807770911865,36.07769680373167,342.61149542535645
20240728,826,83,236,6,856,43.526644327756976,79.5853053399777,732.8880503322653
20240728,338,83,607,3,906,85.62879305225212,92.83796838823025,727.5332385595176
20240728,53,83,169,19,460,21.648589456212616,26.27637146431915,412.07503907946824
20240728,306,83,84,15,438,14.497715668664393,63.9309863755631,359.5712979557725
20240728,791,83,39,20,434,56.04555272677676,31.729099221852312,346.22534805137093
20240728,863,83,462,10,907,100.22747239033777,130.47155070588335,676.3009769037789
20240728,28,83,687,1,726,26.63326494972901,68.29238547878963,631.0743495714813
20240728,150,83,321,15,860,84.54519022567594,121.68875784481119,653.7660519295129
20240728,811,83,558,1,654,94.66008704711489,89.66824206408208,469.671670888803
20240728,699,83,401,2,194,11.542456315657523,10.946834998738197,171.51070868560427
20240728,592,83,582,17,276,5.959161880227528,19.51712447921847,250.523713640554
20240728,515,83,329,15,414,48.22993635790481,58.05464045589365,307.7154231862015
20240728,188,83,800,4,541,61.64640385493643,77.38699864893137,401.9665974961322
20240728,696,83,759,20,944,112.84921640554043,90.57399503985519,740.5767885546044
20240728,21,83,734,18,731,55.192883956110165,46.48655393779746,629.3205621060924
20240728,216,83,258,17,454,57.146849753226185,42.73537976921539,354.11777047755845
20240728,249,83,639,10,191,21.62130347541027,26.370922260749182,143.00777426384053
20240728,179,83,199,8,122,9.3787602090387,10.96728941890002,101.65395037206127
20240728,181,83,519,3,698,59.41020618337419,93.23280089656076,545.3569929200651
20240728,543,83,146,16,439,35.03587475858056,28.278786314933953,375.6853389264855
20240728,431,83,342,12,367,42.13705242637176,41.449821714625365,283.4131258590029
20240728,961,83,501,14,765,73.43789936653894,89.19834284163507,602.363757791826
20240728,992,83,776,19,556,80.67160778580585,58.650465987064244,416.6779262271299
20240728,96,83,592,18,828,66.66931409870614,90.80507223280021,670.5256136684936
20240728,895,83,901,9,518,64.00855607947838,61.19230150708266,392.799142413439
20240728,351,83,762,14,566,34.5595105756706,63.99703449347778,467.44345493085166
20240728,684,83,514,14,285,31.055408550866197,24.66401753033845,229.28057391879537
20240728,45,83,260,2,170,25.429096571876173,23.99158065604139,120.57932277208243
20240728,619,83,61,9,892,112.35073856576591,103.23809532293247,676.4111661113016
20240728,933,83,563,1,418,44.95681936810614,52.133628879944304,320.90955175194955
20240728,421,83,604,3,753,56.92737025940526,45.25843264465112,650.8141970959437
20240728,381,83,980,11,273,19.113876161958544,18.72723011758841,235.15889372045305
20240728,393,83,936,13,701,48.42735883347251,99.43235610368504,553.1402850628424
20240728,571,83,54,9,191,23.964037276048877,16.518133902315924,150.5178288216352
20240728,667,83,977,19,298,42.8832023656717,42.7935501818594,212.3232474524689
20240728,67,83,121,7,424,58.688260395622905,36.62138452219938,328.6903550821777
20240728,98,83,416,14,149,11.99836977242213,17.890100013799834,119.11153021377804
20240728,256,83,850,1,754,81.45459041269707,111.99028973345088,560.555119853852
20240728,389,83,258,17,218,10.428901269439104,31.17412465166597,176.3969740788949
20240728,987,83,515,16,743,19.496043467654847,40.446428788425806,683.0575277439193
20240728,614,83,433,1,696,70.93179903706537,63.78945191405443,561.2787490488802
20240728,384,83,627,8,696,20.021295367679283,66.62586143295994,609.3528431993608
20240728,185,83,40,2,196,24.300542150973197,18.145461341309954,153.55399650771685
20240728,899,83,803,6,896,22.00769669135017,100.7632174301406,773.2290858785093
20240728,991,83,61,3,623,88.1004602122234,85.91396671890604,448.98557306887056
20240728,356,83,279,18,145,16.669576510815638,12.109029903660753,116.2213935855236
20240728,861,83,700,8,244,23.550241931354673,27.573166562895963,192.87659150574936
20240728,578,83,105,20,926,66.4096988590745,120.87426223970077,738.7160389012247
20240728,665,83,508,10,897,95.31457030690414,88.4939600545386,713.1914696385572
20240728,769,83,77,19,741,64.99250481564899,65.34531103252249,610.6621841518286
20240728,249,83,158,15,898,126.93147949858809,91.87549682136853,679.1930236800433
20240728,187,83,675,19,277,38.08988864902967,23.143711103877628,215.7664002470927
20240728,974,83,176,20,274,25.510574876568516,34.722320627679515,213.76710449575197
20240728,653,83,520,7,446,49.19984059698795,38.7101723013237,358.08998710168834
20240728,265,83,415,12,642,47.87143850081052,39.09524889791379,555.0333126012757
20240728,533,83,874,20,620,77.47674258917428,72.70937162543535,469.81388578539037
20240728,821,83,99,15,820,122.61551408398473,112.44831782341029,584.9361680926049
20240728,10,83,958,15,907,51.69129963407919,84.44303760843215,770.8656627574886
20240728,219,83,751,8,465,28.82547377107805,26.88159580872801,409.29293042019395
20240728,661,83,670,12,137,19.924108030391213,7.027831563458198,110.0480604061506
20240728,572,83,219,10,372,52.19269881250843,41.37296145599895,278.4343397314926
20240728,80,83,403,6,652,32.76132028062108,59.87876325021898,559.35991646916
20240728,632,83,36,5,419,52.8846450197284,43.19763956672262,322.917715413549
20240728,68,83,255,3,158,21.832879407264688,22.557339067253906,113.60978152548141
20240728,858,83,637,2,358,14.386734828475072,20.68307295307937,322.93019221844554
20240728,421,83,982,1,569,54.32272901608092,37.21437451863082,477.4628964652883
20240728,5,83,276,12,826,99.99951770804238,123.53067784505129,602.4698044469063
20240728,648,83,43,3,736,19.608312621866805,64.00239126301969,652.3892961151136
20240728,30,83,233,18,116,16.050229988239817,15.328746301476848,84.62102371028334
20240728,783,83,871,18,747,24.194295423081016,41.28012881828144,681.5255757586375
20240728,204,83,746,10,808,61.78665697551966,51.2470620405462,694.9662809839341
20240728,682,83,399,18,147,15.351597283035874,14.065914502799261,117.58248821416487
20240728,512,83,944,20,761,73.37600057423987,112.81979133698123,574.804208088779
20240728,116,83,642,5,444,39.58713807089112,53.793359607180605,350.6195023219283
20240728,869,83,142,17,490,41.5037840468112,39.467202396185336,409.02901355700345
20240728,258,83,610,19,174,24.724089827986333,12.192013232530428,137.08389693948322
20240728,79,83,58,14,364,26.00108207479249,41.78884963498264,296.21006829022485
20240728,909,83,671,6,403,30.331465210410556,42.104904616183745,330.5636301734057
20240728,309,83,289,9,902,132.52117188599223,76.13227798920364,693.3465501248041
20240728,706,83,419,19,344,27.245715275692742,17.427984772334632,299.3262999519726
20240728,594,83,989,15,563,45.340240911561,67.85579860492206,449.80396048351696
20240728,693,83,630,19,488,43.215888798661126,72.69143267517646,372.09267852616244
20240728,200,83,68,13,313,17.386273955198607,35.0954358104842,260.5182902343172
20240728,785,83,698,11,693,36.64972219097302,74.17863675096339,582.1716410580636
20240728,195,83,779,16,486,71.01206031354758,72.24749705685832,342.7404426295941
20240728,111,83,66,16,686,90.37238953144535,77.1535504228266,518.474060045728
20240728,768,83,444,14,705,39.898196199314754,88.15522849101707,576.9465753096681
20240728,291,83,778,17,474,17.574906701086945,38.453850035685846,417.9712432632272
20240728,693,83,345,9,815,17.117403230591346,73.20104458626666,724.681552183142
20240728,279,83,531,6,316,36.394894524780476,17.562254119689904,262.0428513555296
20240728,758,83,78,5,847,48.28461204217443,116.69621520277427,682.0191727550513
20240728,673,83,745,9,878,52.201930275598684,126.46558120299098,699.3324885214104
20240728,987,83,951,20,532,41.77560078234468,49.61920721823941,440.6051919994159
20240728,328,83,81,4,738,44.84568030537388,93.26455127495237,599.8897684196737
20240728,653,83,825,15,242,19.770311182507516,20.719381121381193,201.51030769611128
20240728,631,83,288,3,752,20.60018122202952,72.57009243344112,658.8297263445294
20240728,241,83,201,3,128,10.368194277703184,7.874846956310865,109.75695876598596
20240728,889,83,719,9,499,31.460872733285164,30.223532330366695,437.31559493634813
20240728,169,83,223,7,484,45.17451161924778,55.84304505902414,382.98244332172806
20240728,807,83,423,17,479,63.45217363985316,29.112672100152718,386.43515425999414
20240728,669,83,548,14,228,23.78724249426311,31.670521622254412,172.54223588348248
20240728,435,83,588,6,278,39.04193467929766,19.580308740667565,219.37775658003477
20240728,188,83,790,12,702,86.5799072429288,84.14275602003428,531.2773367370369
20240728,694,83,467,11,269,28.174994552763504,29.063921693779324,211.76108375345717
20240728,787,83,621,4,581,86.81346429582692,57.84293589615508,436.343599808018
20240728,900,83,704,9,853,80.81483498793044,60.69480968227174,711.4903553297978
20240728,71,83,208,15,960,109.06069278333801,75.04964137011108,775.8896658465509
20240728,596,83,663,2,975,104.3686555471564,61.74746908502757,808.883875367816
20240728,963,83,162,15,857,115.4664255015332,52.571924279600026,688.9616502188668
20240728,468,83,415,16,485,49.75738973272411,43.557909038710605,391.6847012285653
20240728,706,83,925,19,571,14.01337255784144,44.524005171919036,512.4626222702395
20240728,567,83,290,6,369,19.749801450714084,54.845108468189885,294.40509008109603
20240728,169,83,419,12,923,70.9200445758447,95.6283173009449,756.4516381232104
20240728,24,83,603,8,975,141.38799650297477,83.66891952019697,749.9430839768282
20240728,471,83,559,9,385,23.99838955880414,23.309510859752628,337.69209958144324
20240728,957,83,611,10,992,104.39994781736652,81.87916917641117,805.7208830062223
20240728,619,83,53,19,131,11.582687557842872,12.014040387950159,107.40327205420697
20240728,19,83,172,7,126,12.171767941348646,17.15310712699824,96.67512493165312
20240728,373,83,886,12,341,14.102566021970922,36.70504968094997,290.1923842970791
20240728,936,83,279,16,822,60.9736991439357,119.2358349833684,641.7904658726959
20240728,930,83,407,4,762,91.18016193745721,82.28892946614671,588.5309085963961
20240728,312,83,433,10,192,7.1341915203929345,27.71460429627709,157.15120418332998
20240728,763,83,89,17,860,94.99904866756565,93.44080357179475,671.5601477606397
20240728,107,83,266,2,955,47.12592997596204,75.56724793455824,832.3068220894797
20240728,173,83,320,1,737,107.98989287923325,89.45502922316045,539.5550778976062
20240728,265,83,778,4,967,111.24706130774402,59.603039868379526,796.1498988238765
20240728,954,83,736,10,639,84.7498893201386,76.96036009248083,477.2897505873806
20240728,597,83,177,10,108,3.545280431760826,11.318570298808753,93.13614926943042
20240728,238,83,728,15,149,8.63675122161123,18.397443874574243,121.96580490381453
20240728,14,83,262,10,818,75.07410647001467,107.19983599470049,635.7260575352848
20240728,288,83,418,15,904,30.616233321608828,71.94607985231005,801.4376868260811
20240728,338,83,66,8,200,21.333303896873357,26.1062696179704,152.56042648515626
20240728,591,83,136,7,408,27.614385284278637,52.92059330991914,327.4650214058022
20240728,179,83,915,18,913,86.5646422924816,101.01592521056226,725.4194324969561
20240728,563,83,630,12,818,58.52368011166142,119.34919696479078,640.1271229235479
20240728,896,83,769,10,619,92.13146733948992,66.87173227464581,459.9968003858643
20240728,278,83,411,19,387,14.567324107582502,57.97893720757659,314.4537386848409
20240728,398,83,129,5,660,78.3233554556073,93.06495600410456,488.6116885402881
20240728,624,83,673,9,478,48.785298767667,56.573876804704526,372.64082442762844
20240728,485,83,505,20,559,24.48650708975331,59.261232468591615,475.25226044165504
20240728,768,83,395,10,540,44.66914512254961,36.09197047400718,459.2388844034432
20240728,454,83,228,2,270,30.94749268665061,14.423328471927071,224.62917884142232
20240728,190,83,824,11,223,17.191773949453353,20.42718162629041,185.38104442425623
20240728,728,83,101,11,809,96.96349100366955,120.95338233772637,591.0831266586041
20240728,111,83,465,4,890,102.74748983632432,113.44530692699395,673.8072032366817
20240728,534,83,512,16,775,115.24963776559366,113.3375747136208,546.4127875207855
20240728,412,83,661,13,153,16.130343203738075,12.687104253460525,124.1825525428014
20240728,802,83,190,11,590,34.90040665569907,70.99004665959397,484.10954668470697
20240728,907,83,907,2,975,28.147821206797907,122.8601386579178,823.9920401352842
20240728,886,83,659,10,121,16.143003073506605,6.961456587094984,97.89554033939841
20240728,659,83,29,3,580,15.8790589937439,68.29961607907998,495.82132492717614
20240728,660,83,875,17,682,60.29251820931258,80.02451362743798,541.6829681632494
20240728,210,83,504,8,691,53.1682709854038,73.07864391538581,564.7530850992104
20240728,454,83,138,8,112,3.5503104398477476,15.459956547722934,92.98973301242933
20240728,658,83,145,4,743,48.39397103606494,47.44901375042195,647.1570152135131
20240728,50,83,385,18,671,87.93678919471279,97.8303400039507,485.2328708013365
20240728,587,83,163,13,480,39.67573464515528,29.64707606106687,410.6771892937778
20240728,38,83,950,7,870,36.71582268984882,47.52854820461118,785.75562910554
20240728,442,83,844,17,943,114.25525577713366,124.52828452022432,704.216459702642
20240728,878,83,321,14,692,35.09926498726475,95.57340759330684,561.3273274194285
